{
  "setting": {
    "compileHotReLoad": true,
    "urlCheck": false,
    "preloadBackgroundData": false
  },
  "condition": {
    "miniprogram": {
      "list": [
        {
          "name": "pages/youhui-pay/index",
          "pathName": "pages/youhui-pay/index",
          "query": "",
          "scene": null
        },
        {
          "name": "pages/sign/index",
          "pathName": "pages/sign/index",
          "query": "",
          "scene": null
        },
        {
          "name": "pages/pay/index",
          "pathName": "pages/pay/index",
          "query": "",
          "scene": null
        },
        {
          "name": "",
          "pathName": "pages/my/feedback",
          "query": "",
          "launchMode": "default",
          "scene": null
        },
        {
          "name": "",
          "pathName": "pages/shop/join-apply",
          "query": "",
          "launchMode": "default",
          "scene": null
        },
        {
          "name": "",
          "pathName": "pages/my/index",
          "query": "",
          "launchMode": "default",
          "scene": null
        },
        {
          "name": "",
          "pathName": "pages/my/user-code",
          "query": "",
          "launchMode": "default",
          "scene": null
        },
        {
          "name": "",
          "pathName": "pages/pay/index",
          "query": "",
          "launchMode": "default",
          "scene": null
        },
        {
          "name": "",
          "pathName": "pages/pay/index",
          "query": "",
          "launchMode": "default",
          "scene": null
        },
        {
          "name": "",
          "pathName": "pages/coupons/index",
          "query": "tabIndex=1",
          "launchMode": "default",
          "scene": null
        },
        {
          "name": "",
          "pathName": "pages/goods-details/index",
          "query": "id=521070",
          "launchMode": "default",
          "scene": null
        }
      ]
    }
  },
  "projectname": "bee-master",
  "description": "项目私有配置文件。此文件中的内容将覆盖 project.config.json 中的相同字段。项目的改动优先同步到此文件中。详见文档：https://developers.weixin.qq.com/miniprogram/dev/devtools/projectconfig.html",
  "libVersion": "3.2.1"
}